<?xml version="1.0" encoding="UTF-8"?>
<project-private xmlns="http://www.netbeans.org/ns/project-private/1">
    <editor-bookmarks xmlns="http://www.netbeans.org/ns/editor-bookmarks/2" lastBookmarkId="1">
        <file>
            <url>src/Dominio/Carrinho.java</url>
            <bookmark id="1">
                <name/>
                <line>58</line>
                <key/>
            </bookmark>
        </file>
    </editor-bookmarks>
    <open-files xmlns="http://www.netbeans.org/ns/projectui-open-files/2">
        <group>
            <file>file:/C:/Users/Hebert/Desktop/ComunidadeSolidaria/src/Dominio/PedidoDeBem.java</file>
            <file>file:/C:/Users/Hebert/Desktop/ComunidadeSolidaria/src/Dominio/Bem.java</file>
            <file>file:/C:/Users/Hebert/Desktop/ComunidadeSolidaria/src/DAO/Conexao.java</file>
            <file>file:/C:/Users/Hebert/Desktop/ComunidadeSolidaria/src/DAO/DaoEstoque.java</file>
            <file>file:/C:/Users/Hebert/Desktop/ComunidadeSolidaria/src/Dominio/Loja.java</file>
            <file>file:/C:/Users/Hebert/Desktop/ComunidadeSolidaria/src/Apresentacao/Produtos.java</file>
            <file>file:/C:/Users/Hebert/Desktop/ComunidadeSolidaria/src/DAO/IDao.java</file>
            <file>file:/C:/Users/Hebert/Desktop/ComunidadeSolidaria/src/Dominio/DescricaoDeItem.java</file>
            <file>file:/C:/Users/Hebert/Desktop/ComunidadeSolidaria/src/Dominio/Catalogo.java</file>
            <file>file:/C:/Users/Hebert/Desktop/ComunidadeSolidaria/src/DAO/DaoPedidoDeBem.java</file>
            <file>file:/C:/Users/Hebert/Desktop/ComunidadeSolidaria/src/Dominio/Estoque.java</file>
            <file>file:/C:/Users/Hebert/Desktop/ComunidadeSolidaria/src/DAO/DaoBem.java</file>
            <file>file:/C:/Users/Hebert/Desktop/ComunidadeSolidaria/src/Apresentacao/TelaUsuario.java</file>
            <file>file:/C:/Users/Hebert/Desktop/ComunidadeSolidaria/src/DAO/IDaoResult.java</file>
            <file>file:/C:/Users/Hebert/Desktop/ComunidadeSolidaria/src/Principal/Main.java</file>
            <file>file:/C:/Users/Hebert/Desktop/ComunidadeSolidaria/src/Dominio/Comunidade.java</file>
            <file>file:/C:/Users/Hebert/Desktop/ComunidadeSolidaria/src/Dominio/Pedido.java</file>
        </group>
    </open-files>
</project-private>
